,user_id,0,1,2,3,4,5,6,7,8,9
0,196,50,100,275,181,1,405,121,258,151,14
1,186,748,258,678,328,181,245,323,597,1,322
2,22,82,229,1,95,385,56,720,402,228,576
3,244,11,423,405,25,4,111,546,96,742,98
4,166,333,326,245,307,332,302,879,678,269,272
5,298,100,173,56,222,216,191,15,258,79,435
6,115,276,98,129,286,288,151,1,222,238,180
7,253,181,174,258,172,286,204,22,313,69,121
8,305,98,213,216,209,603,514,47,433,127,137
9,6,181,483,1,204,172,603,222,23,121,654
10,62,25,202,274,88,28,655,216,79,143,257
11,286,294,222,286,15,300,9,238,716,255,8
12,200,181,204,294,97,1028,237,403,127,79,143
13,210,174,69,1,82,79,191,100,196,496,144
14,224,245,288,64,15,9,660,289,315,735,272
15,303,7,11,1,151,684,237,566,154,89,66
16,122,238,204,655,88,97,196,58,98,514,660
17,194,204,318,133,96,79,378,99,50,176,4
18,291,217,410,68,559,665,24,79,42,233,29
19,234,98,357,483,191,135,504,211,196,514,194
20,119,748,1,300,289,222,127,151,678,333,293
21,167,428,393,175,211,135,186,208,168,403,202
22,299,275,14,70,172,116,56,269,86,268,258
23,308,474,179,135,173,186,176,222,228,132,188
24,95,173,230,56,135,79,318,216,64,732,66
25,38,181,210,230,121,229,227,98,403,172,204
26,102,288,22,229,227,100,226,423,69,402,97
27,63,286,7,275,151,9,124,742,50,117,129
28,160,121,181,222,98,12,405,25,1,183,286
29,50,7,258,294,508,237,129,50,289,293,285
30,301,229,1,234,238,188,208,679,218,55,597
31,225,174,496,69,197,435,483,211,204,498,357
32,290,82,173,118,195,168,56,258,176,96,294
33,97,56,181,483,238,514,180,127,185,474,176
34,157,121,742,7,294,237,257,181,222,9,284
35,181,244,126,717,295,815,535,1278,293,255,1405
36,278,313,300,294,272,303,748,328,50,289,340
37,276,144,204,176,546,895,761,581,849,69,441
38,7,234,211,187,22,550,200,566,1050,227,203
39,10,174,514,204,172,427,318,482,79,173,423
40,284,313,331,311,327,326,258,898,879,292,748
41,201,217,5,176,302,433,1073,180,246,1101,318
42,287,288,258,7,273,405,475,127,286,147,12
43,246,568,403,50,405,7,217,79,229,218,62
44,242,748,300,286,258,333,328,322,245,742,323
45,249,288,127,151,508,204,276,475,286,111,25
46,99,117,222,257,286,127,333,250,151,678,15
47,178,151,69,125,597,471,628,168,333,176,289
48,251,127,276,98,257,56,174,9,286,125,546
49,81,117,50,181,151,597,546,235,763,508,15
50,260,328,332,286,331,302,326,690,327,310,292
51,25,181,496,69,100,172,483,194,211,168,56
52,59,100,56,222,237,588,97,191,88,8,498
53,72,183,496,238,168,197,210,132,216,186,22
54,87,385,82,168,56,227,69,636,143,226,29
55,42,393,82,1,117,56,144,378,186,100,94
56,292,127,286,7,134,23,258,357,89,474,172
57,20,100,117,294,222,56,258,127,69,237,7
58,13,258,294,187,127,751,310,96,134,194,385
59,138,174,50,127,197,483,275,181,191,286,134
60,60,661,604,238,507,520,153,530,419,504,526
61,57,405,742,118,7,15,685,25,276,147,273
62,223,294,748,678,685,245,181,15,50,100,222
63,189,285,286,213,283,514,211,13,482,111,181
64,243,276,9,100,70,50,83,462,238,274,216
65,92,121,597,222,546,151,210,24,97,550,367
66,241,328,333,258,748,690,272,331,326,327,269
67,254,161,402,404,228,63,95,633,173,215,1035
68,293,42,318,176,58,173,187,735,385,191,23
69,127,313,181,328,1,751,678,333,121,174,323
70,222,226,98,742,95,739,38,229,720,88,196
71,267,96,11,79,95,68,227,228,173,4,234
72,11,172,50,210,294,202,181,286,655,174,1
73,8,300,288,286,313,98,100,328,1,121,748
74,162,100,288,56,405,273,96,258,98,195,127
75,279,72,405,151,94,49,473,111,24,926,949
76,145,288,258,748,333,1016,245,326,147,323,307
77,28,98,181,183,172,127,121,22,300,313,204
78,135,174,96,195,11,181,50,100,22,182,172
79,32,121,258,1,237,286,127,748,300,597,25
80,90,286,514,482,582,238,479,484,513,483,705
81,216,121,117,288,64,222,96,70,195,240,475
82,250,258,121,286,222,300,405,9,289,257,298
83,271,151,213,483,582,86,14,153,143,603,479
84,265,121,286,405,276,289,333,678,322,118,9
85,198,121,12,168,234,144,288,508,42,273,9
86,168,237,50,111,276,756,471,298,508,293,245
87,110,62,720,554,302,210,38,229,172,810,391
88,58,100,286,285,14,179,276,129,174,302,508
89,237,514,174,511,496,135,194,435,484,654,480
90,94,82,393,4,181,95,182,231,2,70,68
91,128,143,318,22,357,527,234,378,100,168,95
92,44,210,144,79,186,234,127,196,393,28,568
93,264,50,89,174,198,134,357,474,181,180,127
94,41,204,172,197,79,210,183,127,176,22,318
95,82,98,117,258,300,742,515,257,172,14,173
96,262,181,172,56,117,151,423,173,222,125,202
97,174,25,405,258,294,121,866,275,815,274,245
98,43,117,15,125,288,22,174,748,255,282,275
99,84,50,181,127,118,111,9,288,546,125,257
100,269,168,89,12,96,97,4,144,175,196,180
101,259,50,100,56,258,172,174,1,7,204,222
102,85,69,603,275,427,135,180,480,183,185,531
103,213,405,96,183,237,423,234,318,89,202,357
104,121,100,286,7,258,15,111,222,151,56,288
105,49,288,150,273,79,24,109,405,184,156,250
106,155,258,313,269,333,302,289,304,690,301,268
107,68,1,294,100,222,15,151,257,25,597,546
108,172,479,180,174,496,482,484,197,238,654,134
109,19,286,50,100,181,300,302,269,127,56,98
110,268,403,202,2,82,50,393,431,54,367,451
111,5,82,550,161,202,210,67,568,63,679,72
112,80,286,313,258,127,181,98,174,197,302,357
113,66,100,258,118,276,222,151,111,25,546,125
114,18,514,496,204,98,483,83,511,173,212,655
115,26,273,245,289,475,333,147,124,275,1047,249
116,130,258,117,273,7,56,559,260,977,413,323
117,256,763,250,1016,1047,257,111,258,273,281,218
118,1,121,204,276,423,508,318,357,405,153,96
119,56,739,451,742,79,226,257,72,763,125,38
120,15,294,117,293,245,100,288,126,298,276,15
121,207,237,50,405,7,9,274,508,222,118,1
122,232,174,258,197,238,302,9,318,134,70,86
123,52,50,1,275,286,276,9,181,127,294,222
124,161,258,1,275,172,313,300,237,357,9,294
125,148,56,121,202,100,210,82,195,183,176,96
126,125,210,172,50,121,405,216,588,97,402,196
127,83,15,742,257,222,237,202,763,282,402,100
128,272,100,185,176,318,195,197,191,89,64,181
129,151,70,511,153,527,318,479,97,180,127,428
130,54,294,300,222,286,678,293,282,546,125,508
131,16,50,238,210,173,181,176,82,97,403,186
132,91,496,286,197,258,269,205,523,419,485,199
133,294,748,289,685,302,264,591,326,682,304,763
134,229,300,333,690,310,307,301,326,289,294,327
135,36,300,286,258,328,313,690,879,294,332,326
136,70,174,294,98,258,56,195,22,144,100,127
137,14,286,1,137,483,197,134,237,216,405,258
138,295,393,88,432,195,568,66,64,732,197,28
139,233,50,181,238,496,172,134,183,514,132,185
140,214,286,174,127,258,124,181,9,129,197,70
141,192,286,294,275,237,1,405,151,288,117,181
142,100,331,332,310,327,307,682,329,299,688,292
143,307,168,210,98,202,69,82,100,238,96,191
144,297,127,7,121,172,313,9,222,276,405,318
145,193,50,181,748,56,172,302,210,204,118,245
146,113,300,748,301,302,475,276,269,307,304,313
147,275,82,172,204,161,230,568,195,403,168,173
148,219,50,286,98,313,100,181,127,56,174,269
149,218,238,174,50,100,89,79,234,172,179,185
150,123,174,191,357,238,496,483,213,194,181,69
151,158,222,56,153,98,405,4,515,151,144,12
152,302,300,286,313,288,326,332,302,690,269,678
153,23,204,69,172,168,191,197,496,210,186,127
154,296,283,302,116,319,508,288,129,300,25,405
155,33,258,288,748,286,332,326,690,302,327,331
156,154,98,603,514,100,179,56,511,134,483,435
157,77,204,127,423,173,79,135,202,318,216,7
158,270,100,276,294,12,11,238,9,237,313,117
159,187,238,197,172,98,174,50,56,168,357,202
160,170,286,333,748,313,332,307,879,289,690,682
161,101,597,685,237,15,294,25,273,100,276,274
162,184,69,204,151,132,111,179,83,237,135,168
163,112,326,340,311,292,307,898,748,344,304,895
164,133,288,748,302,333,289,326,323,307,301,340
165,215,69,79,82,173,96,97,357,100,135,318
166,69,286,258,313,127,328,276,121,272,1,269
167,104,742,289,1,301,255,322,298,323,275,326
168,240,258,328,333,294,288,690,332,326,315,268
169,144,181,7,275,121,151,111,137,25,318,12
170,191,303,690,333,310,258,311,347,327,326,305
171,61,286,313,288,302,289,326,245,307,322,272
172,142,258,286,50,313,300,100,302,269,127,748
173,177,286,100,313,269,357,328,183,117,222,272
174,203,121,328,300,286,405,245,333,678,289,257
175,21,288,682,895,567,333,325,350,334,181,457
176,197,258,315,269,689,879,331,270,173,338,11
177,134,288,333,50,245,289,181,100,322,307,268
178,180,56,238,172,168,97,88,210,174,64,50
179,236,50,121,197,1,56,357,151,258,427,173
180,263,172,258,313,286,485,427,204,22,173,196
181,109,172,15,685,79,240,250,22,174,235,143
182,64,204,286,357,197,132,294,228,216,64,144
183,114,174,238,514,211,511,50,69,185,134,427
184,239,197,480,482,474,607,23,496,192,170,357
185,117,7,294,100,118,250,273,685,127,147,328
186,65,204,172,181,191,174,132,100,202,496,357
187,137,294,258,288,100,678,742,127,328,7,286
188,257,319,137,19,242,124,13,303,302,306,283
189,111,690,300,310,347,333,331,750,327,289,316
190,285,50,181,127,288,294,269,174,56,98,1
191,96,98,197,238,204,56,357,172,69,135,211
192,116,340,327,328,305,262,748,316,307,319,334
193,73,50,174,98,181,258,172,302,238,313,191
194,221,11,117,181,195,273,98,168,226,202,68
195,235,286,514,313,302,134,480,357,50,272,484
196,164,294,288,118,1,50,7,257,546,15,250
197,281,328,286,313,302,307,245,879,269,272,678
198,182,181,7,127,117,405,98,56,151,174,15
199,129,269,690,333,328,340,326,301,292,289,332
200,45,405,117,597,546,1047,222,125,294,1028,685
201,131,116,319,289,283,258,847,13,321,475,237
202,230,204,173,318,197,71,127,357,133,194,228
203,126,331,332,269,750,307,748,292,301,879,895
204,231,294,258,1,100,117,237,288,118,742,7
205,280,97,196,121,230,64,15,186,143,470,588
206,288,258,313,181,302,275,1,288,56,9,514
207,152,15,1,50,118,405,210,258,181,742,172
208,217,230,68,161,229,204,227,38,763,393,232
209,79,14,289,475,302,116,294,9,129,748,288
210,75,1,7,597,294,50,257,546,15,276,181
211,245,1,121,118,294,405,117,742,257,7,15
212,282,286,313,328,748,272,301,690,289,326,751
213,78,258,286,288,300,50,121,748,100,328,1
214,118,56,183,89,219,50,447,443,12,195,238
215,283,121,1,181,405,7,222,25,118,168,202
216,171,300,333,328,340,310,331,311,750,748,301
217,107,328,272,690,748,310,326,303,750,289,332
218,226,100,50,181,127,276,475,1,222,237,174
219,306,294,276,237,9,50,1,7,121,748,15
220,173,333,289,313,288,748,307,304,310,340,272
221,185,275,100,14,313,98,137,13,191,357,300
222,150,7,117,237,258,405,742,294,9,286,111
223,274,237,121,151,286,222,127,7,257,284,845
224,188,172,1,183,82,423,258,117,222,168,405
225,48,197,435,313,300,258,514,127,135,69,498
226,311,402,28,50,435,427,96,313,95,226,162
227,165,50,286,100,300,98,294,56,1,174,313
228,208,191,172,173,238,69,50,98,210,168,357
229,2,258,748,328,319,322,333,323,245,268,321
230,205,288,333,302,326,245,272,307,323,301,751
231,248,50,181,56,222,258,195,12,286,288,405
232,93,121,100,405,50,7,117,181,111,237,25
233,159,1,328,763,300,257,1047,50,237,282,926
234,146,690,333,332,303,326,750,748,310,346,879
235,29,258,313,288,328,333,289,751,272,50,271
236,156,174,98,56,50,238,172,127,23,286,183
237,37,181,763,1,742,96,546,100,294,230,204
238,141,1,245,685,300,111,763,25,411,289,845
239,195,7,100,294,50,1,121,174,405,168,286
240,108,286,258,117,288,151,276,300,9,111,25
241,47,286,300,313,333,328,690,272,748,294,311
242,255,742,358,181,50,250,760,597,328,1,123
243,89,100,111,286,258,1,70,9,276,294,204
244,140,300,313,328,333,748,269,690,326,272,327
245,190,294,286,742,678,307,323,322,289,50,181
246,24,50,100,181,121,1,174,204,222,172,286
247,17,258,50,288,181,121,127,275,405,300,289
248,313,173,423,196,183,419,483,265,588,474,510
249,53,121,405,1,117,237,742,222,127,294,9
250,124,204,56,181,69,238,79,210,183,202,100
251,149,302,690,333,289,331,292,332,307,748,306
252,176,100,302,333,269,300,276,301,313,748,124
253,106,50,237,181,98,111,127,283,197,276,191
254,312,523,492,606,517,135,504,497,582,185,170
255,175,174,204,69,181,79,423,210,357,318,22
256,153,258,286,100,300,98,288,313,1,121,222
257,220,300,302,313,328,748,272,690,327,310,326
258,143,300,748,302,272,332,301,327,310,289,245
259,199,300,748,289,288,333,328,319,245,302,304
260,202,50,100,127,181,174,98,313,300,275,56
261,277,100,7,288,294,118,475,597,298,328,222
262,206,350,331,311,898,303,327,292,344,938,896
263,76,100,286,475,268,302,198,171,508,179,238
264,314,369,118,402,928,1049,471,225,412,82,755
265,136,50,181,7,258,285,1,294,151,121,13
266,179,302,898,328,332,311,689,344,286,879,326
267,4,313,288,286,333,302,272,294,748,326,307
268,304,258,748,333,245,313,678,289,326,307,332
269,3,313,328,286,690,748,750,879,895,682,310
270,227,237,275,508,111,151,1,742,255,181,258
271,252,1,50,294,121,237,258,25,127,181,111
272,212,100,98,50,238,357,174,191,56,204,70
273,310,286,283,285,100,269,111,1,276,319,306
274,35,328,286,294,313,288,323,690,289,307,245
275,147,303,300,272,311,333,328,310,306,347,258
276,105,258,300,328,294,307,301,326,289,310,331
277,34,328,333,300,326,327,313,331,302,307,303
278,71,127,7,238,172,1,204,258,191,121,483
279,51,98,204,174,56,69,79,168,423,96,100
280,204,319,313,289,100,294,272,275,328,306,690
281,315,50,98,174,181,172,7,89,357,96,179
282,31,286,269,272,300,313,480,603,305,174,515
283,316,258,100,181,313,511,191,269,300,56,70
284,103,100,1,258,237,7,286,288,151,742,15
285,318,172,97,496,173,181,168,82,313,98,22
286,30,300,288,286,748,328,333,302,269,1,100
287,120,100,294,181,117,7,222,288,276,151,111
288,46,258,269,302,289,301,272,310,340,690,315
289,289,117,118,100,181,597,50,546,294,25,111
290,209,268,289,328,319,748,313,302,340,300,272
291,261,328,258,333,286,323,678,326,307,289,313
292,88,333,331,272,332,328,310,302,307,327,269
293,9,258,313,100,127,181,300,98,275,269,288
294,247,286,313,294,300,288,302,748,127,289,275
295,321,197,514,238,194,482,98,582,127,427,488
296,266,258,100,294,288,300,328,269,302,276,50
297,74,286,313,328,748,302,289,269,322,323,50
298,238,1,121,748,117,50,742,100,15,7,323
299,319,300,328,258,286,748,288,294,326,690,272
300,323,288,7,276,1,302,237,405,742,313,748
301,67,742,763,118,597,685,926,294,181,410,546
302,211,258,294,313,50,269,328,288,322,289,304
303,98,286,197,275,100,50,511,269,181,174,300
304,12,100,181,286,56,204,258,121,1,237,357
305,40,313,690,288,307,748,326,301,289,327,331
306,258,313,302,307,269,301,289,245,750,879,327
307,228,300,313,258,269,294,302,50,315,748,328
308,325,474,496,172,194,204,69,168,153,238,603
309,320,117,181,29,56,546,147,218,227,53,229
310,326,69,188,168,238,357,71,215,191,432,227
311,327,50,238,89,127,135,175,234,433,182,483
312,183,98,82,172,174,195,56,204,210,79,403
313,328,174,22,98,288,258,313,527,229,496,181
314,322,174,100,98,56,238,286,357,12,180,179
315,330,210,98,196,222,71,56,173,294,125,127
316,27,7,294,276,258,117,237,405,1,181,273
317,331,286,134,127,514,285,23,192,275,357,50
318,332,294,50,282,1,100,250,24,930,591,977
319,329,300,1,121,268,237,56,275,289,9,222
320,86,313,690,327,302,332,333,292,331,310,303
321,139,319,294,328,258,300,333,748,288,269,289
322,300,258,748,333,678,286,245,323,358,326,879
323,163,313,50,302,100,294,181,127,328,289,174
324,333,286,258,50,313,300,181,288,127,302,1
325,334,127,98,56,357,531,315,301,64,423,527
326,39,286,328,289,690,326,301,340,268,310,327
327,324,300,286,333,245,322,313,100,117,121,326
328,132,286,7,181,14,174,483,116,475,9,238
329,336,25,240,235,369,80,117,597,147,118,412
330,335,286,302,294,272,289,326,340,751,690,315
331,169,286,269,313,435,511,197,127,357,484,98
332,338,194,174,482,496,191,659,529,357,661,519
333,339,172,182,195,168,96,79,318,175,496,443
334,309,286,328,313,302,748,269,292,327,307,294
335,342,285,50,275,508,238,151,127,462,150,268
336,340,69,496,132,197,98,210,135,82,191,498
337,317,258,286,333,294,307,302,272,332,895,690
338,341,300,332,333,328,879,326,688,292,690,307
339,343,70,204,181,172,216,96,173,195,88,151
340,344,275,15,475,56,116,294,257,238,483,293
341,345,275,111,276,25,121,117,7,302,245,475
342,346,82,229,393,69,230,568,231,227,228,202
343,347,125,25,250,64,9,22,410,111,202,628
344,273,302,269,300,258,333,301,310,750,289,288
345,55,294,100,258,405,1,288,742,222,127,237
346,349,7,742,129,508,117,111,1,405,151,293
347,348,121,597,125,763,282,1047,284,258,678,257
348,354,275,137,514,190,517,480,482,216,357,212
349,351,690,333,302,269,331,272,294,303,682,315
350,358,517,170,514,197,488,513,212,59,86,923
351,352,204,168,69,423,22,238,127,64,11,182
352,360,258,313,300,294,98,289,174,276,288,7
353,363,89,92,53,385,168,4,173,403,258,64
354,355,690,332,331,313,333,682,895,327,302,326
355,362,286,326,289,307,690,272,269,301,751,327
356,357,288,100,25,763,15,282,257,756,926,276
357,356,286,302,690,269,332,750,301,340,303,289
358,361,181,174,172,191,213,168,86,69,127,582
359,365,286,258,300,748,328,333,302,475,276,50
360,350,50,197,357,56,100,69,496,514,511,135
361,367,288,358,895,181,294,55,79,313,665,11
362,368,218,563,665,185,452,200,590,145,201,443
363,371,172,56,195,96,82,168,100,173,89,357
364,373,174,98,423,191,56,132,181,419,203,176
365,370,286,197,50,127,483,191,134,357,211,474
366,374,742,410,756,1028,1016,284,24,595,508,298
367,372,288,258,50,324,328,294,181,895,358,55
368,337,405,1,118,117,172,204,100,237,151,98
369,378,655,378,117,28,527,553,168,1041,742,781
370,366,53,185,567,665,183,441,563,590,670,452
371,377,300,286,302,328,50,269,333,748,181,327
372,375,98,195,56,79,204,174,226,53,403,96
373,359,294,258,288,100,300,742,328,237,257,222
374,379,174,98,423,176,211,132,474,22,483,498
375,380,204,173,191,511,56,210,216,70,202,527
376,381,275,181,134,197,174,172,202,496,98,69
377,385,179,175,170,12,488,517,204,7,213,154
378,382,181,9,275,237,285,124,1,121,222,13
379,387,56,185,179,234,357,168,69,70,22,655
380,364,300,258,301,333,328,748,302,313,326,304
381,369,286,258,300,294,288,313,269,302,100,748
382,388,258,50,181,286,245,748,7,289,322,751
383,386,742,7,100,294,1,288,237,763,257,282
384,389,211,88,66,357,98,195,659,97,511,705
385,383,50,98,127,269,174,275,511,191,258,238
386,390,258,294,748,288,333,322,269,301,313,245
387,393,63,405,401,231,229,62,258,300,230,208
388,392,286,258,100,275,305,306,14,124,242,301
389,376,286,50,258,127,56,1,174,294,9,7
390,394,96,56,94,95,231,2,62,174,588,566
391,391,181,172,79,183,185,496,135,1,423,7
392,398,172,98,210,202,238,97,195,318,511,143
393,397,269,300,258,98,294,515,514,272,319,271
394,399,159,655,92,217,258,17,294,684,12,184
395,396,294,258,748,685,237,181,257,273,50,7
396,401,496,98,191,56,15,222,258,300,70,269
397,402,121,276,181,111,405,14,508,285,283,274
398,384,333,288,269,294,307,690,750,310,315,271
399,395,294,100,117,286,405,222,56,742,7,245
400,353,300,288,302,294,748,269,307,690,289,310
401,403,121,742,1,294,273,546,25,298,111,125
402,405,396,386,143,802,83,400,176,145,5,161
403,400,333,302,289,272,326,751,310,268,245,327
404,406,200,197,474,135,357,423,64,484,58,663
405,407,174,183,79,121,144,22,197,185,318,64
406,409,194,519,492,513,525,488,530,494,507,487
407,404,748,326,307,315,751,322,682,271,304,268
408,413,288,294,300,328,748,313,268,322,1,127
409,416,181,237,286,12,25,82,393,26,222,118
410,408,258,333,269,272,690,326,289,331,307,750
411,410,313,302,333,310,750,301,294,307,288,331
412,411,204,98,69,50,82,96,173,97,423,196
413,417,204,50,121,405,153,176,240,231,568,174
414,412,50,100,98,238,204,181,168,69,127,183
415,420,269,14,303,306,242,221,311,305,297,268
416,422,181,508,678,121,268,413,324,328,300,245
417,425,183,328,182,294,431,264,550,55,230,260
418,419,483,127,480,484,496,498,511,134,357,435
419,415,286,174,50,300,181,127,100,258,98,294
420,423,294,288,245,289,301,332,690,304,268,331
421,429,69,204,98,50,187,135,660,22,175,94
422,428,333,328,748,258,898,327,895,682,294,292
423,427,333,292,326,690,313,327,748,879,322,329
424,418,272,690,333,286,340,310,326,307,303,347
425,424,294,313,748,328,322,323,269,326,245,302
426,432,1,597,25,685,276,151,125,273,147,9
427,421,181,357,204,286,135,195,22,313,69,210
428,435,183,184,2,144,94,97,231,232,294,739
429,433,258,100,294,313,288,127,181,328,289,515
430,426,435,514,498,604,523,485,194,479,69,357
431,436,56,11,234,97,69,735,64,172,42,1220
432,430,258,1,276,475,508,275,268,405,269,285
433,434,742,117,121,405,597,685,294,282,284,1
434,437,202,64,357,427,181,527,514,498,194,133
435,438,294,405,117,258,742,288,111,7,151,25
436,431,258,313,294,288,333,326,289,272,751,322
437,442,50,195,11,183,568,4,566,258,210,217
438,440,286,303,269,302,311,306,305,268,327,887
439,445,276,258,129,286,124,294,328,255,250,282
440,447,127,125,273,763,685,475,756,250,1047,195
441,449,116,283,275,129,124,7,19,221,508,111
442,450,132,174,168,216,404,1063,423,483,484,570
443,446,258,313,333,301,307,272,331,750,310,304
444,439,258,294,286,288,50,117,181,1,742,9
445,451,332,326,339,898,937,313,311,310,312,750
446,452,174,511,238,127,474,168,28,357,582,56
447,454,50,435,127,181,523,205,495,216,135,176
448,453,96,121,405,763,210,195,118,98,42,161
449,414,286,328,333,268,269,50,289,271,326,690
450,455,294,423,151,111,238,357,210,655,216,742
451,444,333,328,302,294,340,288,289,690,310,326
452,448,311,690,306,272,882,887,313,310,347,331
453,457,181,1,173,7,95,79,153,215,367,72
454,456,56,7,174,183,11,96,144,89,64,47
455,458,50,151,15,14,111,508,13,70,483,197
456,462,258,286,294,748,333,302,269,245,50,307
457,459,118,237,288,151,276,125,546,284,9,756
458,460,319,475,269,137,116,268,126,287,237,255
459,461,288,286,300,328,100,245,268,181,289,333
460,467,288,286,121,294,508,405,129,237,151,9
461,468,276,151,168,28,483,202,183,79,137,129
462,466,258,271,286,751,748,272,307,750,347,270
463,472,210,54,50,294,96,56,258,98,77,470
464,465,174,514,238,204,197,181,483,211,69,168
465,463,293,742,255,289,294,748,126,9,118,298
466,471,210,588,69,204,161,230,402,181,121,419
467,474,483,514,134,216,204,133,203,443,12,89
468,469,514,498,197,661,519,435,211,482,480,478
469,464,313,100,328,1,751,245,323,271,121,237
470,476,393,172,82,739,97,403,402,231,29,550
471,478,56,121,405,172,181,174,7,423,210,117
472,473,286,100,475,137,289,269,258,221,325,847
473,470,508,289,237,275,14,121,117,302,319,328
474,480,286,514,134,170,269,357,238,213,603,474
475,441,258,50,286,181,748,328,127,678,269,289
476,479,50,98,56,7,69,79,313,515,237,194
477,484,204,174,222,100,118,127,64,288,196,7
478,486,129,293,126,748,1009,319,744,93,1012,283
479,487,181,403,168,161,228,12,186,763,54,68
480,482,300,333,302,322,268,301,272,326,307,323
481,481,174,98,172,56,168,69,357,135,181,496
482,492,238,197,174,582,98,479,191,170,50,357
483,493,100,7,286,294,127,237,276,64,302,268
484,490,276,129,742,294,121,508,288,405,111,285
485,489,876,690,329,350,877,938,303,335,271,873
486,483,258,100,294,127,117,7,174,172,300,98
487,496,82,98,69,79,161,210,95,202,173,423
488,494,258,288,313,9,269,275,7,151,276,328
489,495,234,226,97,210,159,443,215,99,566,73
490,477,405,274,121,117,1,50,742,118,125,181
491,497,550,576,554,233,117,218,154,790,69,665
492,488,258,197,435,204,313,194,427,423,195,64
493,498,357,286,198,654,42,209,47,195,96,318
494,499,286,269,197,515,480,435,134,302,135,498
495,491,286,275,269,276,137,9,50,302,13,508
496,500,50,14,137,475,508,222,127,86,288,248
497,502,328,748,286,326,332,323,302,245,690,327
498,503,100,50,238,213,514,9,191,202,276,462
499,504,215,15,739,172,164,22,378,588,230,380
500,505,419,196,230,222,318,28,234,288,168,393
501,506,98,173,22,318,96,419,357,144,153,197
502,443,300,288,302,328,50,268,100,181,289,751
503,507,328,313,286,326,332,750,289,272,310,259
504,514,286,56,127,135,357,258,238,300,121,186
505,508,56,197,96,135,97,89,202,64,496,100
506,511,328,258,748,286,307,326,332,879,331,302
507,515,333,272,331,326,879,327,292,898,303,301
508,512,300,174,127,98,100,288,181,294,269,272
509,513,1,294,100,7,742,151,288,237,15,125
510,475,300,294,748,272,288,328,268,289,340,333
511,523,111,275,13,238,191,151,88,173,100,381
512,518,111,25,597,274,15,282,255,756,293,298
513,509,313,286,269,333,748,272,289,315,327,304
514,516,258,100,127,294,313,1,300,98,56,174
515,510,328,333,326,332,682,307,879,327,292,331
516,524,427,100,511,357,514,523,28,153,143,196
517,501,742,258,1,255,284,748,50,1012,763,471
518,525,294,50,258,117,237,222,257,286,748,546
519,521,121,294,222,98,118,82,151,546,237,89
520,520,258,748,313,328,288,301,333,289,245,272
521,519,876,688,331,329,690,879,681,308,881,908
522,528,313,300,98,127,172,1,286,173,22,496
523,532,294,748,172,258,174,288,50,405,315,333
524,530,286,127,1,258,9,121,276,151,15,7
525,531,328,750,333,326,310,307,879,682,272,258
526,529,313,748,302,289,879,304,272,310,678,750
527,517,121,288,286,100,257,313,742,323,125,151
528,527,98,654,483,89,511,194,435,484,480,427
529,485,300,690,333,258,272,750,340,327,310,332
530,533,15,117,7,286,423,173,476,238,515,79
531,535,191,582,462,23,474,216,69,198,12,89
532,536,173,196,161,202,56,216,393,194,135,28
533,526,286,333,100,289,268,322,326,117,237,310
534,537,100,56,12,127,204,515,9,183,530,237
535,534,1047,100,284,685,1,147,257,250,298,222
536,541,69,94,402,97,161,202,1028,739,168,132
537,538,64,357,1,222,70,7,89,191,186,132
538,542,174,98,79,96,4,12,144,403,82,216
539,545,550,210,96,402,56,186,588,183,432,2
540,539,191,98,100,275,514,213,174,86,313,318
541,547,286,300,272,288,690,748,268,310,750,327
542,543,168,172,174,582,357,100,176,433,79,182
543,548,50,333,748,289,245,117,269,268,325,508
544,546,358,313,328,678,245,333,742,748,117,260
545,522,174,197,98,496,204,69,435,172,357,238
546,551,423,82,161,1,678,29,39,53,1016,7
547,544,258,328,333,690,269,307,272,751,879,289
548,553,197,211,603,519,194,654,357,504,185,69
549,552,597,255,282,245,546,678,276,25,685,293
550,540,50,288,237,118,222,151,748,255,273,127
551,554,118,25,258,210,274,423,257,127,9,276
552,550,328,333,678,117,286,245,742,322,289,879
553,556,50,258,300,269,100,313,174,98,197,181
554,559,135,172,483,357,211,183,168,98,173,50
555,560,276,129,286,475,124,181,9,237,111,1
556,561,179,64,135,23,192,654,97,496,187,134
557,563,121,1,405,117,258,100,222,288,25,15
558,566,238,174,79,216,196,195,208,4,197,153
559,557,286,313,258,302,333,319,303,272,690,340
560,558,276,129,7,221,475,13,111,237,127,50
561,564,748,294,288,328,678,322,307,286,879,742
562,565,170,213,517,60,529,514,582,59,285,488
563,573,98,496,50,100,197,483,181,357,56,318
564,549,294,117,7,222,742,300,257,286,15,546
565,567,480,488,435,180,211,286,661,505,269,238
566,569,286,742,275,151,15,475,255,289,282,293
567,562,172,69,496,210,423,195,183,100,97,168
568,576,286,258,121,127,405,117,111,222,151,25
569,577,393,94,66,144,195,568,222,226,227,174
570,579,181,172,174,127,313,121,79,22,300,191
571,574,313,302,306,301,333,898,319,292,326,307
572,555,286,258,127,1,294,237,276,9,151,222
573,572,276,237,275,258,7,50,111,151,127,255
574,575,100,286,174,56,258,172,69,1,204,121
575,584,50,204,210,174,121,56,98,168,1,202
576,588,393,94,196,64,186,77,405,70,71,96
577,587,300,898,258,299,329,346,751,322,311,338
578,568,514,197,484,511,654,480,607,170,498,174
579,586,98,118,7,29,597,62,172,288,95,100
580,585,285,1121,512,517,221,1068,306,1462,863,847
581,582,121,286,678,276,298,546,127,273,245,111
582,591,50,14,582,9,83,111,197,181,1,98
583,581,124,129,286,14,116,276,19,13,508,293
584,592,50,181,300,137,275,246,327,310,270,174
585,580,121,117,742,328,245,678,118,237,333,597
586,590,7,111,129,508,121,405,1,25,151,50
587,593,151,181,222,294,258,64,202,132,22,127
588,583,50,98,174,56,204,181,238,172,69,127
589,596,258,288,748,100,333,245,121,1,117,7
590,570,300,313,328,333,294,748,272,269,307,268
591,599,742,121,117,258,405,118,328,15,323,597
592,589,748,302,269,245,331,751,301,750,315,292
593,594,258,294,275,300,1,9,289,313,7,121
594,597,258,288,245,121,117,323,333,322,100,405
595,578,328,333,286,302,748,307,271,326,50,895
596,601,1,69,7,79,423,95,202,168,117,237
597,602,258,288,328,286,678,1,333,323,245,313
598,600,68,204,265,578,94,210,33,168,186,144
599,605,50,258,181,300,748,7,151,222,111,313
600,603,258,98,121,127,300,82,1,96,222,195
601,595,405,7,117,276,294,118,284,1,25,273
602,606,742,588,496,28,235,318,597,276,143,1028
603,608,582,318,302,170,479,179,496,258,14,313
604,607,286,14,285,269,127,50,197,514,116,134
605,610,174,286,100,69,258,181,357,300,197,496
606,611,272,331,286,328,340,310,332,879,327,307
607,617,656,474,654,657,514,187,511,182,484,219
608,618,69,50,96,228,393,58,89,405,527,222
609,614,276,742,111,15,118,50,258,151,181,282
610,609,300,286,748,328,333,323,682,313,678,289
611,615,313,191,511,86,50,174,98,134,603,258
612,616,690,307,332,310,294,340,682,271,751,268
613,620,1,258,117,402,1028,210,405,95,568,222
614,571,197,238,98,204,56,100,172,179,50,514
615,619,181,300,748,358,172,273,751,100,678,1
616,613,286,100,50,181,9,276,275,269,174,98
617,622,393,181,186,238,234,226,550,732,208,97
618,621,294,288,550,210,403,29,204,230,56,258
619,604,50,174,176,181,89,195,79,96,219,559
620,624,294,117,245,289,1,325,118,9,322,313
621,612,294,50,258,121,181,286,151,405,222,288
622,627,204,98,173,234,50,181,228,186,265,188
623,623,174,98,100,172,69,56,1,173,168,197
624,628,286,313,328,269,748,327,289,307,245,323
625,625,50,98,127,56,238,69,496,483,1,211
626,629,313,302,100,181,318,272,333,289,748,245
627,633,181,98,69,174,100,204,405,1,222,210
628,632,50,121,183,222,127,117,202,496,405,89
629,631,300,328,333,258,302,326,690,748,750,310
630,634,111,151,255,257,298,147,328,289,126,181
631,639,736,190,529,238,211,69,381,172,496,435
632,630,405,151,288,763,685,276,274,748,1028,147
633,642,94,781,722,395,763,1041,161,1035,692,121
634,637,121,276,748,298,508,284,258,597,288,815
635,640,302,288,100,50,11,258,268,181,294,172
636,626,258,300,326,690,269,307,322,245,301,259
637,643,238,64,153,173,208,179,182,135,175,97
638,598,328,333,288,294,302,272,332,307,326,310
639,638,56,195,79,69,423,173,89,568,97,222
640,635,258,286,300,288,313,289,245,326,690,307
641,644,245,288,678,286,313,879,332,243,292,751
642,636,7,405,50,294,742,117,181,237,111,151
643,645,238,204,12,100,176,79,192,187,423,50
644,648,117,1028,168,100,56,227,127,94,257,472
645,647,50,181,69,258,121,1,98,172,127,100
646,650,176,168,432,431,568,318,202,94,655,28
647,651,300,258,313,302,328,289,748,288,333,272
648,654,222,7,151,237,127,286,125,9,274,204
649,653,183,173,655,568,95,143,200,402,588,71
650,655,137,98,381,12,212,258,57,331,663,83
651,649,294,405,1,742,100,258,118,7,288,237
652,658,174,12,181,238,276,286,183,124,89,79
653,656,313,286,328,333,258,690,315,310,331,307
654,660,210,195,69,258,1,588,423,300,566,288
655,659,69,238,132,435,56,427,511,208,194,168
656,646,333,300,302,326,331,898,879,340,327,269
657,663,258,293,222,302,124,325,298,546,248,250
658,664,98,238,204,423,135,357,168,195,127,216
659,657,100,288,50,748,1,121,268,181,328,289
660,665,118,258,288,25,111,127,276,508,204,174
661,666,238,479,180,603,79,427,198,275,9,276
662,661,98,56,69,100,234,202,176,127,22,7
663,662,221,14,19,129,124,242,276,253,297,116
664,667,286,100,50,174,258,127,56,191,181,172
665,641,286,269,302,50,100,174,313,127,300,98
666,668,313,748,181,315,301,100,245,268,1,751
667,673,333,748,690,289,271,322,304,331,751,332
668,671,230,403,229,227,183,568,184,22,228,232
669,669,286,50,100,272,294,98,197,289,1,288
670,676,258,333,307,289,340,301,310,678,323,690
671,674,258,121,288,748,100,286,237,7,328,678
672,652,294,258,50,181,1,313,121,100,237,117
673,677,258,328,100,121,50,181,333,405,597,313
674,682,96,218,763,68,229,31,230,73,228,25
675,679,172,98,258,173,79,210,127,96,202,22
676,684,69,405,56,423,97,95,222,25,196,94
677,685,300,258,328,690,326,313,268,272,292,332
678,683,333,326,750,310,315,751,304,898,292,343
679,691,174,181,127,183,100,56,172,69,176,357
680,672,294,258,121,1,405,100,117,742,286,111
681,692,121,50,100,405,181,111,237,118,15,117
682,690,82,403,172,423,50,97,98,96,161,195
683,689,294,50,288,100,742,286,127,276,25,678
684,686,69,238,79,183,180,423,496,132,210,195
685,693,195,496,204,82,22,182,89,238,64,197
686,688,300,328,333,748,690,313,331,286,258,294
687,697,258,328,678,117,322,289,405,100,597,255
688,698,197,98,514,286,484,69,603,523,194,474
689,670,197,496,211,69,498,514,435,204,172,194
690,694,174,132,514,478,196,136,507,479,134,499
691,680,181,258,127,237,288,405,222,275,111,508
692,705,204,121,161,230,56,22,98,202,402,294
693,701,302,258,294,748,303,301,288,310,268,340
694,699,1,742,237,25,257,127,508,293,258,255
695,704,511,134,174,498,480,357,483,484,474,427
696,707,213,512,19,514,59,509,709,531,971,603
697,700,98,100,172,204,69,127,121,210,1,258
698,687,258,328,302,333,289,301,272,326,307,271
699,695,258,269,690,272,327,326,292,310,303,332
700,675,302,319,340,313,285,345,310,690,887,289
701,708,258,288,245,323,257,100,259,333,286,282
702,709,96,226,100,117,204,184,68,219,55,742
703,711,69,196,56,210,202,237,186,28,1,26
704,710,288,98,328,271,96,272,748,289,176,183
705,712,402,417,403,161,90,208,229,132,186,1035
706,715,56,151,763,597,568,403,210,423,42,742
707,713,331,302,303,313,887,305,896,306,312,327
708,716,132,523,134,419,479,205,71,96,528,89
709,681,300,313,332,310,333,748,331,326,327,302
710,678,286,294,258,121,9,405,151,288,118,257
711,719,100,1,181,405,15,151,222,117,25,174
712,702,328,333,271,245,678,323,326,286,332,302
713,721,294,313,322,751,307,271,289,343,682,338
714,714,742,118,288,222,25,125,546,284,127,273
715,717,294,405,1,276,181,9,257,255,118,298
716,718,121,294,117,1,748,288,181,100,7,257
717,696,269,272,300,303,258,340,306,690,289,301
718,722,258,1,50,288,181,742,748,118,257,222
719,724,332,292,303,315,340,304,688,350,312,689
720,727,195,568,222,50,210,554,22,17,1228,455
721,725,300,289,313,50,678,323,1,237,326,117
722,706,121,181,286,300,748,405,328,127,313,333
723,720,303,690,286,305,340,269,331,750,327,882
724,729,300,258,272,302,307,895,750,315,332,682
725,726,258,742,748,121,288,405,118,100,300,328
726,728,294,258,100,288,276,300,328,9,275,7
727,703,100,405,258,151,125,111,286,257,282,255
728,738,121,69,79,97,294,588,196,132,12,118
729,736,258,322,245,275,100,328,300,289,276,9
730,734,181,69,100,127,197,357,216,191,258,79
731,730,258,288,286,300,333,1,289,313,245,405
732,743,313,328,333,50,245,272,323,307,304,127
733,742,121,1,288,286,405,237,276,151,742,118
734,737,238,56,98,50,204,172,179,168,191,197
735,733,9,744,508,255,111,475,283,25,284,1012
736,745,197,56,514,511,134,357,484,496,172,269
737,740,313,333,302,245,301,272,690,268,323,307
738,735,294,328,302,1,121,313,508,268,322,742
739,747,197,484,134,435,482,191,98,186,208,69
740,723,181,100,294,288,98,127,313,121,7,56
741,739,300,313,258,174,181,127,294,269,288,302
742,749,230,50,97,265,588,1,222,432,29,318
743,748,98,100,127,191,423,313,28,238,134,185
744,746,195,181,98,69,173,229,393,100,95,97
745,731,174,498,483,98,191,211,134,511,514,427
746,750,333,258,313,690,326,302,332,307,289,879
747,741,56,97,100,195,64,168,318,96,132,1
748,751,258,69,186,97,22,496,294,195,286,135
749,756,172,98,174,204,56,100,202,1,168,69
750,757,79,294,184,118,234,55,89,12,218,393
751,752,272,303,300,898,328,347,326,312,292,689
752,758,79,268,89,475,271,182,168,515,22,187
753,732,258,328,313,333,748,302,326,301,322,292
754,762,286,100,275,9,285,14,258,301,283,1
755,744,100,286,181,7,98,56,258,121,288,357
756,754,294,258,300,748,289,100,288,245,333,322
757,753,258,127,100,302,511,56,197,288,483,515
758,763,70,204,172,64,202,216,423,655,181,179
759,764,237,181,100,258,546,127,257,288,471,685
760,767,197,514,134,511,286,174,213,194,498,50
761,769,742,117,7,100,294,25,257,50,181,151
762,755,300,313,333,332,269,326,307,292,272,750
763,771,50,100,121,7,127,405,56,288,151,117
764,768,294,258,286,50,276,7,111,748,181,328
765,773,12,4,156,50,55,172,79,195,173,202
766,765,100,286,50,116,276,13,9,7,111,124
767,772,286,333,302,269,289,690,301,750,340,292
768,766,174,511,204,474,172,195,427,234,79,153
769,774,227,79,234,95,69,144,153,665,71,173
770,760,69,1,121,210,294,405,15,97,56,117
771,761,121,742,323,300,328,322,405,100,286,597
772,777,50,181,174,98,172,258,56,121,318,69
773,759,286,288,328,100,333,313,245,289,322,7
774,776,183,447,56,176,435,671,484,665,563,69
775,780,174,69,197,357,56,127,181,435,132,100
776,779,1,100,405,7,288,127,151,237,286,742
777,778,50,172,210,181,97,173,202,96,393,183
778,782,261,327,339,359,1176,882,330,1022,334,305
779,786,56,151,202,168,196,96,97,64,79,496
780,784,286,288,748,294,750,301,340,879,289,245
781,770,286,121,1,276,237,405,245,257,9,322
782,788,161,210,181,50,265,196,527,496,127,655
783,789,7,276,258,121,237,9,117,293,273,25
784,790,204,82,94,118,161,95,385,742,88,100
785,787,332,303,272,302,344,326,682,327,895,882
786,783,300,328,748,313,302,326,327,690,332,289
787,785,286,258,174,100,181,300,127,313,98,172
788,794,124,7,276,129,9,151,181,258,283,508
789,781,98,300,357,1,183,176,173,313,79,22
790,796,56,50,161,71,70,132,294,239,265,72
791,795,393,82,94,56,195,451,230,161,67,385
792,793,546,763,1047,298,284,147,475,25,125,410
793,798,94,739,1041,143,866,173,69,142,401,71
794,791,258,313,302,333,326,100,268,678,323,307
795,802,358,300,313,50,895,181,682,590,328,436
796,800,294,258,286,288,100,748,117,328,7,245
797,804,265,234,117,357,200,99,665,15,465,125
798,803,300,258,313,294,328,333,302,326,288,292
799,775,328,340,326,303,748,301,288,289,332,268
800,792,121,117,685,284,763,235,106,151,756,274
801,799,269,313,300,302,303,322,272,275,294,288
802,805,56,121,70,69,186,231,72,95,97,568
803,806,56,7,172,195,127,183,64,210,11,117
804,807,419,588,97,228,196,568,195,404,378,202
805,797,258,313,288,323,333,301,245,678,751,1
806,801,258,286,748,690,272,332,751,269,289,323
807,809,294,288,328,748,269,326,301,690,327,323
808,815,211,197,186,208,194,79,56,161,238,234
809,817,100,742,181,50,286,333,237,678,118,298
810,821,50,127,222,25,9,7,276,117,69,258
811,818,288,272,333,340,748,294,310,326,289,307
812,814,183,567,217,379,176,195,563,164,89,452
813,812,258,294,326,313,323,307,690,322,879,327
814,823,238,82,70,88,4,403,153,393,191,208
815,825,121,742,1,151,471,15,475,763,255,756
816,827,328,307,690,315,751,327,310,340,879,322
817,829,286,285,137,50,283,127,269,9,7,181
818,811,328,313,333,288,286,690,245,332,326,322
819,830,210,496,127,121,168,385,144,132,234,202
820,826,229,230,195,204,94,393,173,450,402,98
821,831,300,286,302,50,269,268,751,289,121,127
822,819,313,269,272,294,333,301,50,288,289,750
823,828,311,319,242,305,268,285,272,690,137,312
824,808,258,328,326,690,272,289,307,268,269,301
825,835,496,181,483,286,100,172,258,56,511,22
826,833,184,17,218,39,222,42,240,1073,228,135
827,836,313,300,50,272,100,197,340,98,127,303
828,816,748,286,333,288,307,302,323,751,879,269
829,838,258,151,98,294,237,269,173,25,515,117
830,839,742,294,124,293,508,275,9,129,405,284
831,840,211,191,427,482,135,485,604,180,478,523
832,832,258,300,333,289,302,269,268,358,332,751
833,810,258,748,302,332,690,307,322,678,327,292
834,844,98,204,1,96,79,202,288,294,237,127
835,843,98,172,161,496,200,89,568,22,187,483
836,834,100,748,328,1,302,289,121,269,301,742
837,846,204,215,550,423,71,402,153,162,89,588
838,837,121,237,100,405,1,742,117,7,118,255
839,813,328,333,748,313,258,332,286,288,879,682
840,842,690,331,286,311,310,300,327,750,347,305
841,847,100,151,127,69,423,111,237,318,546,15
842,848,172,98,211,191,56,474,168,208,194,654
843,822,181,50,258,121,100,294,222,174,168,173
844,852,294,222,742,258,235,1047,125,748,288,111
845,851,288,294,300,117,100,678,358,222,181,298
846,849,50,181,98,1,405,100,56,69,117,79
847,854,276,50,181,293,284,285,56,137,685,248
848,850,69,50,181,197,135,195,423,357,183,194
849,858,300,258,294,748,328,322,313,288,326,245
850,853,313,307,289,292,268,310,272,751,269,750
851,855,116,59,285,517,137,14,275,213,514,238
852,824,300,258,328,333,313,269,326,288,690,245
853,845,303,344,887,305,882,347,750,331,898,1176
854,841,328,332,272,879,269,690,750,294,310,327
855,859,742,405,7,255,237,121,117,282,100,508
856,862,56,195,1,204,118,234,144,28,173,273
857,856,333,302,288,269,301,332,245,331,751,750
858,820,300,294,272,269,245,326,307,268,50,323
859,863,311,310,750,882,937,312,315,299,308,896
860,860,258,294,748,268,50,319,275,328,288,340
861,857,286,748,288,289,333,313,322,269,678,100
862,864,181,98,196,215,739,385,4,89,183,218
863,865,121,181,50,151,742,25,257,235,237,125
864,868,144,98,161,79,393,175,97,357,431,226
865,867,100,127,357,204,185,89,173,195,238,313
866,861,285,283,306,269,303,137,13,100,19,9
867,870,50,4,173,357,215,234,97,655,28,213
868,871,302,288,328,748,327,294,332,268,347,340
869,875,100,197,238,127,191,318,69,204,313,483
870,876,50,100,127,258,181,98,269,174,300,313
871,872,294,245,333,121,678,827,1016,147,322,255
872,866,286,311,340,690,310,750,301,319,268,346
873,877,50,313,100,181,191,1,294,172,204,213
874,873,258,748,333,288,302,322,323,245,301,272
875,880,125,455,1047,576,290,92,25,739,1016,412
876,878,275,86,238,69,83,196,527,173,132,660
877,869,742,294,405,121,7,1,258,117,111,257
878,881,210,393,168,202,183,496,173,144,216,88
879,879,258,100,405,288,7,742,286,748,257,328
880,883,50,303,268,179,301,86,514,181,638,174
881,882,100,82,237,127,111,742,173,125,257,274
882,884,286,283,137,50,13,319,303,242,111,582
883,886,96,226,367,203,82,684,182,69,70,658
884,885,121,202,15,168,118,66,403,56,98,96
885,889,238,96,176,98,109,186,655,198,222,286
886,874,269,50,258,302,300,268,289,319,181,294
887,892,496,393,161,211,141,498,234,181,135,435
888,890,197,56,191,176,173,79,511,82,514,238
889,893,117,742,763,597,546,181,7,222,100,748
890,887,405,117,546,15,742,225,685,237,174,866
891,891,1,151,276,294,9,125,546,7,284,255
892,894,303,251,301,305,224,10,882,813,321,325
893,896,56,200,218,185,172,89,203,357,156,483
894,897,96,222,385,568,229,144,432,227,403,380
895,901,204,118,393,588,202,173,97,98,423,1028
896,899,50,172,56,100,210,222,127,405,22,82
897,903,151,237,508,475,117,222,124,742,174,93
898,904,50,258,1,294,15,405,70,121,25,172
899,907,237,276,9,222,546,255,7,845,257,597
900,905,286,288,50,181,1,121,276,289,9,405
901,902,286,294,100,288,313,121,748,269,7,222
902,898,300,333,269,294,690,332,326,272,289,331
903,895,121,258,7,288,405,286,237,127,118,276
904,906,294,258,50,1,288,275,742,127,151,25
905,900,7,127,50,1,181,276,151,15,222,275
906,908,98,197,238,191,514,135,134,180,286,511
907,916,100,11,12,89,55,25,403,129,235,240
908,911,69,186,135,132,50,97,202,56,196,423
909,912,69,98,514,435,211,511,135,134,191,480
910,914,86,716,402,70,660,97,949,191,792,699
911,918,213,191,482,238,134,512,52,511,212,60
912,919,258,328,121,127,405,744,248,274,269,13
913,921,118,117,742,258,151,756,237,546,300,748
914,910,294,258,286,7,222,328,276,151,269,678
915,913,181,286,168,197,496,135,121,313,70,182
916,915,302,272,690,269,340,303,331,327,748,326
917,922,121,393,96,405,423,174,79,117,186,97
918,923,288,7,597,118,258,50,748,546,298,300
919,928,286,258,50,100,300,181,294,313,1,302
920,927,117,1028,181,597,202,685,161,546,50,550
921,924,98,69,204,483,222,197,191,79,357,135
922,929,174,181,183,357,69,79,238,176,318,180
923,931,748,294,269,328,289,288,322,301,307,326
924,917,294,258,117,286,288,742,7,111,748,15
925,932,604,195,526,69,152,419,491,132,602,485
926,909,269,319,285,242,258,313,302,306,100,289
927,934,496,135,194,238,511,659,98,485,357,419
928,933,423,393,161,208,655,68,143,188,71,2
929,935,294,50,258,15,288,7,111,222,151,25
930,938,294,100,282,1047,255,1028,147,274,322,508
931,940,288,56,127,268,197,173,191,318,340,22
932,888,50,181,1,127,9,7,121,275,25,70
933,925,258,313,286,294,328,895,302,300,326,358
934,942,286,294,302,197,127,181,98,751,289,603
935,937,276,7,289,319,269,288,475,1,127,302
936,926,313,328,748,333,50,301,268,307,326,100
937,943,82,98,385,144,118,550,176,95,183,71
938,939,117,1,294,111,1047,7,748,125,763,100
939,936,293,124,246,283,742,744,328,288,297,242
940,930,111,7,9,276,25,181,15,127,222,258
941,920,313,328,690,327,326,269,748,750,303,315
942,941,100,7,50,121,294,288,405,286,742,127
